<?xml version="1.0" encoding="UTF-8"?>
<GenRun Id="synth_1" LaunchPart="xc7a35tcpg236-1" LaunchTime="1620066690" LaunchIncrCheckpoint="$PPRDIR/top.dcp" LaunchWriteIncrSynthDcp="true">
  <File Type="PA-TCL" Name="top.tcl"/>
  <File Type="RDS-PROPCONSTRS" Name="top_drc_synth.rpt"/>
  <File Type="REPORTS-TCL" Name="top_reports.tcl"/>
  <File Type="RDS-RDS" Name="top.vds"/>
  <File Type="RDS-UTIL" Name="top_utilization_synth.rpt"/>
  <File Type="RDS-UTIL-PB" Name="top_utilization_synth.pb"/>
  <File Type="RDS-DCP" Name="top.dcp"/>
  <File Type="VDS-TIMINGSUMMARY" Name="top_timing_summary_synth.rpt"/>
  <File Type="VDS-TIMING-PB" Name="top_timing_summary_synth.pb"/>
  <FileSet Name="sources" Type="DesignSrcs" RelSrcDir="$PSRCDIR/sources_1" RelGenDir="$PGENDIR/sources_1">
    <Filter Type="Srcs"/>
    <File Path="$PSRCDIR/sources_1/imports/hdl/PS2Receiver.v">
      <FileInfo>
        <Attr Name="ImportPath" Val="$PPRDIR/../Downloads/Basys-3-Keyboard-2018.2-3/vivado_proj/Basys-3-Keyboard.srcs/sources_1/imports/hdl/PS2Receiver.v"/>
        <Attr Name="ImportTime" Val="1619631230"/>
        <Attr Name="UsedIn" Val="synthesis"/>
        <Attr Name="UsedIn" Val="implementation"/>
        <Attr Name="UsedIn" Val="simulation"/>
      </FileInfo>
    </File>
    <File Path="$PSRCDIR/sources_1/imports/hdl/bin2ascii.v">
      <FileInfo>
        <Attr Name="ImportPath" Val="$PPRDIR/../Downloads/Basys-3-Keyboard-2018.2-3/vivado_proj/Basys-3-Keyboard.srcs/sources_1/imports/hdl/bin2ascii.v"/>
        <Attr Name="ImportTime" Val="1619631230"/>
        <Attr Name="UsedIn" Val="synthesis"/>
        <Attr Name="UsedIn" Val="implementation"/>
        <Attr Name="UsedIn" Val="simulation"/>
      </FileInfo>
    </File>
    <File Path="$PSRCDIR/sources_1/imports/hdl/debouncer.v">
      <FileInfo>
        <Attr Name="ImportPath" Val="$PPRDIR/../Downloads/Basys-3-Keyboard-2018.2-3/vivado_proj/Basys-3-Keyboard.srcs/sources_1/imports/hdl/debouncer.v"/>
        <Attr Name="ImportTime" Val="1619631230"/>
        <Attr Name="UsedIn" Val="synthesis"/>
        <Attr Name="UsedIn" Val="implementation"/>
        <Attr Name="UsedIn" Val="simulation"/>
      </FileInfo>
    </File>
    <File Path="$PSRCDIR/sources_1/imports/hdl/uart_buf_con.v">
      <FileInfo>
        <Attr Name="ImportPath" Val="$PPRDIR/../Downloads/Basys-3-Keyboard-2018.2-3/vivado_proj/Basys-3-Keyboard.srcs/sources_1/imports/hdl/uart_buf_con.v"/>
        <Attr Name="ImportTime" Val="1619631230"/>
        <Attr Name="UsedIn" Val="synthesis"/>
        <Attr Name="UsedIn" Val="implementation"/>
        <Attr Name="UsedIn" Val="simulation"/>
      </FileInfo>
    </File>
    <File Path="$PSRCDIR/sources_1/imports/hdl/uart_tx.v">
      <FileInfo>
        <Attr Name="ImportPath" Val="$PPRDIR/../Downloads/Basys-3-Keyboard-2018.2-3/vivado_proj/Basys-3-Keyboard.srcs/sources_1/imports/hdl/uart_tx.v"/>
        <Attr Name="ImportTime" Val="1619631230"/>
        <Attr Name="UsedIn" Val="synthesis"/>
        <Attr Name="UsedIn" Val="implementation"/>
        <Attr Name="UsedIn" Val="simulation"/>
      </FileInfo>
    </File>
    <File Path="$PSRCDIR/sources_1/new/top.v">
      <FileInfo>
        <Attr Name="UsedIn" Val="synthesis"/>
        <Attr Name="UsedIn" Val="implementation"/>
        <Attr Name="UsedIn" Val="simulation"/>
      </FileInfo>
    </File>
    <Config>
      <Option Name="DesignMode" Val="RTL"/>
      <Option Name="TopModule" Val="top"/>
      <Option Name="TopAutoSet" Val="TRUE"/>
    </Config>
  </FileSet>
  <FileSet Name="constrs_in" Type="Constrs" RelSrcDir="$PSRCDIR/constrs_1">
    <Filter Type="Constrs"/>
    <File Path="$PSRCDIR/constrs_1/imports/Downloads/Basys3_Master.xdc">
      <FileInfo>
        <Attr Name="ImportPath" Val="$PPRDIR/../Downloads/Basys-3-Keyboard-master/Basys-3-Keyboard-master/src/constraints/Basys3_Master.xdc"/>
        <Attr Name="ImportTime" Val="1619629883"/>
        <Attr Name="UsedIn" Val="synthesis"/>
        <Attr Name="UsedIn" Val="implementation"/>
      </FileInfo>
    </File>
    <Config>
      <Option Name="ConstrsType" Val="XDC"/>
    </Config>
  </FileSet>
  <FileSet Name="utils" Type="Utils" RelSrcDir="$PSRCDIR/utils_1">
    <Filter Type="Utils"/>
    <File Path="$PPRDIR/top.dcp">
      <FileInfo>
        <Attr Name="UsedIn" Val="synthesis"/>
        <Attr Name="UsedIn" Val="implementation"/>
        <Attr Name="UsedInSteps" Val="synth_1"/>
        <Attr Name="AutoDcp" Val="1"/>
      </FileInfo>
    </File>
    <File Path="$PPRDIR/top_routed.dcp">
      <FileInfo>
        <Attr Name="UsedIn" Val="synthesis"/>
        <Attr Name="UsedIn" Val="implementation"/>
        <Attr Name="UsedInSteps" Val="impl_1"/>
        <Attr Name="AutoDcp" Val="1"/>
      </FileInfo>
    </File>
    <Config>
      <Option Name="TopAutoSet" Val="TRUE"/>
    </Config>
  </FileSet>
  <Strategy Version="1" Minor="2">
    <StratHandle Name="Vivado Synthesis Defaults" Flow="Vivado Synthesis 2020"/>
    <Step Id="synth_design"/>
  </Strategy>
</GenRun>
